,Disclosures,LegalProceedings,MDA,Risk Factors
Disclosures,1.0,0.1847750142681453,0.2698129047796813,0.27665084244462274
LegalProceedings,0.1847750142681453,1.0,0.11344810764175911,0.1498559031490888
MDA,0.2698129047796813,0.11344810764175911,1.0,0.12070786774515212
Risk Factors,0.27665084244462274,0.1498559031490888,0.12070786774515212,1.0
