,Disclosures,LegalProceedings,MDA,Risk Factors
count,31271.0,28097.0,39331.0,18618.0
mean,0.30574371082017554,0.3660203170592643,0.23841371109992504,0.4971272565081937
std,0.3172394784753429,0.3236618409777321,0.2642704378060764,0.39002277586854905
min,1.1102230246251563e-16,1.1102230246251563e-16,1.1102230246251563e-16,1.1102230246251563e-16
25%,0.04903689539089018,0.061443990636811725,0.0868773794746972,0.03241079873879499
50%,0.1337930751046199,0.2763033176385392,0.14238752187404136,0.6251924744140738
75%,0.5854927706138099,0.6505972281082582,0.2320603980280111,0.8832342643976365
max,0.9856504668310516,0.993820143066264,0.9970001648139446,0.9876879435753472
